{
	"partitions" : [
		{
			"name" : "Top",
			"pins" : [
				{
					"name" : "sum[0]",
					"strict" : false
				},
				{
					"name" : "sum[1]",
					"strict" : false
				},
				{
					"name" : "sum[2]",
					"strict" : false
				},
				{
					"name" : "sum[3]",
					"strict" : false
				},
				{
					"name" : "sum[4]",
					"strict" : false
				},
				{
					"name" : "sum[5]",
					"strict" : false
				},
				{
					"name" : "sum[6]",
					"strict" : false
				},
				{
					"name" : "sum[7]",
					"strict" : false
				},
				{
					"name" : "sum[8]",
					"strict" : false
				},
				{
					"name" : "sum[9]",
					"strict" : false
				},
				{
					"name" : "sum[10]",
					"strict" : false
				},
				{
					"name" : "sum[11]",
					"strict" : false
				},
				{
					"name" : "sum[12]",
					"strict" : false
				},
				{
					"name" : "sum[13]",
					"strict" : false
				},
				{
					"name" : "sum[14]",
					"strict" : false
				},
				{
					"name" : "sum[15]",
					"strict" : false
				},
				{
					"name" : "clk",
					"strict" : false
				},
				{
					"name" : "rst",
					"strict" : false
				},
				{
					"name" : "inputs[7][0]",
					"strict" : false
				},
				{
					"name" : "inputs[6][0]",
					"strict" : false
				},
				{
					"name" : "inputs[5][0]",
					"strict" : false
				},
				{
					"name" : "inputs[4][0]",
					"strict" : false
				},
				{
					"name" : "inputs[3][0]",
					"strict" : false
				},
				{
					"name" : "inputs[2][0]",
					"strict" : false
				},
				{
					"name" : "inputs[1][0]",
					"strict" : false
				},
				{
					"name" : "inputs[0][0]",
					"strict" : false
				},
				{
					"name" : "inputs[7][1]",
					"strict" : false
				},
				{
					"name" : "inputs[6][1]",
					"strict" : false
				},
				{
					"name" : "inputs[5][1]",
					"strict" : false
				},
				{
					"name" : "inputs[4][1]",
					"strict" : false
				},
				{
					"name" : "inputs[3][1]",
					"strict" : false
				},
				{
					"name" : "inputs[2][1]",
					"strict" : false
				},
				{
					"name" : "inputs[1][1]",
					"strict" : false
				},
				{
					"name" : "inputs[0][1]",
					"strict" : false
				},
				{
					"name" : "inputs[7][2]",
					"strict" : false
				},
				{
					"name" : "inputs[6][2]",
					"strict" : false
				},
				{
					"name" : "inputs[5][2]",
					"strict" : false
				},
				{
					"name" : "inputs[4][2]",
					"strict" : false
				},
				{
					"name" : "inputs[3][2]",
					"strict" : false
				},
				{
					"name" : "inputs[2][2]",
					"strict" : false
				},
				{
					"name" : "inputs[1][2]",
					"strict" : false
				},
				{
					"name" : "inputs[0][2]",
					"strict" : false
				},
				{
					"name" : "inputs[7][3]",
					"strict" : false
				},
				{
					"name" : "inputs[6][3]",
					"strict" : false
				},
				{
					"name" : "inputs[5][3]",
					"strict" : false
				},
				{
					"name" : "inputs[4][3]",
					"strict" : false
				},
				{
					"name" : "inputs[3][3]",
					"strict" : false
				},
				{
					"name" : "inputs[2][3]",
					"strict" : false
				},
				{
					"name" : "inputs[1][3]",
					"strict" : false
				},
				{
					"name" : "inputs[0][3]",
					"strict" : false
				},
				{
					"name" : "inputs[7][4]",
					"strict" : false
				},
				{
					"name" : "inputs[6][4]",
					"strict" : false
				},
				{
					"name" : "inputs[5][4]",
					"strict" : false
				},
				{
					"name" : "inputs[4][4]",
					"strict" : false
				},
				{
					"name" : "inputs[3][4]",
					"strict" : false
				},
				{
					"name" : "inputs[2][4]",
					"strict" : false
				},
				{
					"name" : "inputs[1][4]",
					"strict" : false
				},
				{
					"name" : "inputs[0][4]",
					"strict" : false
				},
				{
					"name" : "inputs[7][5]",
					"strict" : false
				},
				{
					"name" : "inputs[6][5]",
					"strict" : false
				},
				{
					"name" : "inputs[5][5]",
					"strict" : false
				},
				{
					"name" : "inputs[4][5]",
					"strict" : false
				},
				{
					"name" : "inputs[3][5]",
					"strict" : false
				},
				{
					"name" : "inputs[2][5]",
					"strict" : false
				},
				{
					"name" : "inputs[1][5]",
					"strict" : false
				},
				{
					"name" : "inputs[0][5]",
					"strict" : false
				},
				{
					"name" : "inputs[7][6]",
					"strict" : false
				},
				{
					"name" : "inputs[6][6]",
					"strict" : false
				},
				{
					"name" : "inputs[5][6]",
					"strict" : false
				},
				{
					"name" : "inputs[4][6]",
					"strict" : false
				},
				{
					"name" : "inputs[3][6]",
					"strict" : false
				},
				{
					"name" : "inputs[2][6]",
					"strict" : false
				},
				{
					"name" : "inputs[1][6]",
					"strict" : false
				},
				{
					"name" : "inputs[0][6]",
					"strict" : false
				},
				{
					"name" : "inputs[7][7]",
					"strict" : false
				},
				{
					"name" : "inputs[6][7]",
					"strict" : false
				},
				{
					"name" : "inputs[5][7]",
					"strict" : false
				},
				{
					"name" : "inputs[4][7]",
					"strict" : false
				},
				{
					"name" : "inputs[3][7]",
					"strict" : false
				},
				{
					"name" : "inputs[2][7]",
					"strict" : false
				},
				{
					"name" : "inputs[1][7]",
					"strict" : false
				},
				{
					"name" : "inputs[0][7]",
					"strict" : false
				},
				{
					"name" : "inputs[7][8]",
					"strict" : false
				},
				{
					"name" : "inputs[6][8]",
					"strict" : false
				},
				{
					"name" : "inputs[5][8]",
					"strict" : false
				},
				{
					"name" : "inputs[4][8]",
					"strict" : false
				},
				{
					"name" : "inputs[3][8]",
					"strict" : false
				},
				{
					"name" : "inputs[2][8]",
					"strict" : false
				},
				{
					"name" : "inputs[1][8]",
					"strict" : false
				},
				{
					"name" : "inputs[0][8]",
					"strict" : false
				},
				{
					"name" : "inputs[7][9]",
					"strict" : false
				},
				{
					"name" : "inputs[6][9]",
					"strict" : false
				},
				{
					"name" : "inputs[5][9]",
					"strict" : false
				},
				{
					"name" : "inputs[4][9]",
					"strict" : false
				},
				{
					"name" : "inputs[3][9]",
					"strict" : false
				},
				{
					"name" : "inputs[2][9]",
					"strict" : false
				},
				{
					"name" : "inputs[1][9]",
					"strict" : false
				},
				{
					"name" : "inputs[0][9]",
					"strict" : false
				},
				{
					"name" : "inputs[7][10]",
					"strict" : false
				},
				{
					"name" : "inputs[6][10]",
					"strict" : false
				},
				{
					"name" : "inputs[5][10]",
					"strict" : false
				},
				{
					"name" : "inputs[4][10]",
					"strict" : false
				},
				{
					"name" : "inputs[3][10]",
					"strict" : false
				},
				{
					"name" : "inputs[2][10]",
					"strict" : false
				},
				{
					"name" : "inputs[1][10]",
					"strict" : false
				},
				{
					"name" : "inputs[0][10]",
					"strict" : false
				},
				{
					"name" : "inputs[7][11]",
					"strict" : false
				},
				{
					"name" : "inputs[6][11]",
					"strict" : false
				},
				{
					"name" : "inputs[5][11]",
					"strict" : false
				},
				{
					"name" : "inputs[4][11]",
					"strict" : false
				},
				{
					"name" : "inputs[3][11]",
					"strict" : false
				},
				{
					"name" : "inputs[2][11]",
					"strict" : false
				},
				{
					"name" : "inputs[1][11]",
					"strict" : false
				},
				{
					"name" : "inputs[0][11]",
					"strict" : false
				},
				{
					"name" : "inputs[7][12]",
					"strict" : false
				},
				{
					"name" : "inputs[6][12]",
					"strict" : false
				},
				{
					"name" : "inputs[5][12]",
					"strict" : false
				},
				{
					"name" : "inputs[4][12]",
					"strict" : false
				},
				{
					"name" : "inputs[3][12]",
					"strict" : false
				},
				{
					"name" : "inputs[2][12]",
					"strict" : false
				},
				{
					"name" : "inputs[1][12]",
					"strict" : false
				},
				{
					"name" : "inputs[0][12]",
					"strict" : false
				},
				{
					"name" : "inputs[7][13]",
					"strict" : false
				},
				{
					"name" : "inputs[6][13]",
					"strict" : false
				},
				{
					"name" : "inputs[5][13]",
					"strict" : false
				},
				{
					"name" : "inputs[4][13]",
					"strict" : false
				},
				{
					"name" : "inputs[3][13]",
					"strict" : false
				},
				{
					"name" : "inputs[2][13]",
					"strict" : false
				},
				{
					"name" : "inputs[1][13]",
					"strict" : false
				},
				{
					"name" : "inputs[0][13]",
					"strict" : false
				},
				{
					"name" : "inputs[7][14]",
					"strict" : false
				},
				{
					"name" : "inputs[6][14]",
					"strict" : false
				},
				{
					"name" : "inputs[5][14]",
					"strict" : false
				},
				{
					"name" : "inputs[4][14]",
					"strict" : false
				},
				{
					"name" : "inputs[3][14]",
					"strict" : false
				},
				{
					"name" : "inputs[2][14]",
					"strict" : false
				},
				{
					"name" : "inputs[1][14]",
					"strict" : false
				},
				{
					"name" : "inputs[0][14]",
					"strict" : false
				},
				{
					"name" : "inputs[7][15]",
					"strict" : false
				},
				{
					"name" : "inputs[6][15]",
					"strict" : false
				},
				{
					"name" : "inputs[5][15]",
					"strict" : false
				},
				{
					"name" : "inputs[4][15]",
					"strict" : false
				},
				{
					"name" : "inputs[3][15]",
					"strict" : false
				},
				{
					"name" : "inputs[2][15]",
					"strict" : false
				},
				{
					"name" : "inputs[1][15]",
					"strict" : false
				},
				{
					"name" : "inputs[0][15]",
					"strict" : false
				}
			]
		}
	]
}